id,conversation_id,created_at,date,time,timezone,user_id,username,name,place,tweet,language,mentions,urls,photos,replies_count,retweets_count,likes_count,hashtags,cashtags,link,retweet,quote_url,video,thumbnail,near,geo,source,user_rt_id,user_rt,retweet_id,reply_to,retweet_date,translate,trans_src,trans_dest
1545938039058604032,1545937935606116352,2022-07-10 09:08:45 WITA,2022-07-10,09:08:45,+0800,80323736,ridwankamil,Ridwan Kamil,,Semoga Qurban dan segala pengorbanan kita semua ini diterima Allah SWT sebagai pahala yang menyelamatkan kita di akhir waktu kelak.  Kami haturkan mohon maaf lahir dan bathin juga.  Hatur nuhun.  https://t.co/BF9obneb2P,in,[],[],[],10,29,481,[],[],https://twitter.com/ridwankamil/status/1545938039058604032,False,,1,https://pbs.twimg.com/ext_tw_video_thumb/1545937940370829312/pu/img/F4hxBPrML-5lpLsA.jpg,,,,,,,[],,,,
1545937935606116352,1545937935606116352,2022-07-10 09:08:20 WITA,2022-07-10,09:08:20,+0800,80323736,ridwankamil,Ridwan Kamil,,"Alhamdulillah, semua proses badal haji atau menghajikan atas nama Eril sudah kami tunaikan. Dari niat sampai proses wajib rukun dan sunnahnya.  Semoga menjadi Haji Mabrur.  SELAMAT IDUL ADHA 1443 H, juga kami haturkan kepada umat Islam yang merayakan. Mohon maaf lahir batin.  https://t.co/cnk7kA0XQy",in,[],[],[],31,73,1091,[],[],https://twitter.com/ridwankamil/status/1545937935606116352,False,,1,https://pbs.twimg.com/ext_tw_video_thumb/1545937828747816960/pu/img/blTqbsiS5nkQ1MnB.jpg,,,,,,,[],,,,
1545371884703072256,1545371884703072256,2022-07-08 19:39:03 WITA,2022-07-08,19:39:03,+0800,80323736,ridwankamil,Ridwan Kamil,,"Suasana Indonesia di Tanah Suci.  Ketika mengecek kondisi para jamaah, ternyata serasa di kampung sendiri, saat di Mekkah berjumpa dengan yang dirindukan melebihi ke istri sendiri yaitu the one and only: BALA-BALA.   #JabarJuara #IndonesiaJuara  https://t.co/i9veC88CjL",in,[],[],[],94,148,2207,"['jabarjuara', 'indonesiajuara']",[],https://twitter.com/ridwankamil/status/1545371884703072256,False,,1,https://pbs.twimg.com/ext_tw_video_thumb/1545371586471276544/pu/img/H6Ng07K_D6LOXiN7.jpg,,,,,,,[],,,,
1544966777628925952,1544966764001640449,2022-07-07 16:49:18 WITA,2022-07-07,16:49:18,+0800,80323736,ridwankamil,Ridwan Kamil,,"Insya Allah, pulang ke tanah air tetap dengan predikat Hajjah yang menyempurnakan rukun islam ke-5 nya.  Bersyukurlah saat mendapat keberkahan. Bersabarlah sat mendapat kemusibahan. Berikhtiarlah saat kita mengejar tujuan Berdoalah saat kita meminta perlindungan.  https://t.co/5S37TPnuo6",in,[],[],['https://pbs.twimg.com/media/FXDTF6EaQAAgt6x.jpg'],9,23,581,[],[],https://twitter.com/ridwankamil/status/1544966777628925952,False,,1,https://pbs.twimg.com/media/FXDTF6EaQAAgt6x.jpg,,,,,,,[],,,,
1544966767956869120,1544966764001640449,2022-07-07 16:49:16 WITA,2022-07-07,16:49:16,+0800,80323736,ridwankamil,Ridwan Kamil,,"Untungnya, Islam memberikan kemudahan atau rukhsah kepada mereka yang berhalangan. Tim Haji Jawa Barat sudah mengantisipasi hal-hal ini, dengan menyiapkan personel pengganti Ibu Winingsih dengan syariat yang disebut Badal Haji atau dihajikan.",in,[],[],[],4,10,368,[],[],https://twitter.com/ridwankamil/status/1544966767956869120,False,,0,,,,,,,,[],,,,
1544966764001640449,1544966764001640449,2022-07-07 16:49:15 WITA,2022-07-07,16:49:15,+0800,80323736,ridwankamil,Ridwan Kamil,,"Menyemangati Ibu Winingsih, salah satu jemaah Haji asal Subang Jawa Barat yg sedang mendapat ujian. Saya jenguk &amp; semangati semalam.   Beliau sakit terkena stroke saat di tanah suci yg membuatnya tidak mampu bergerak sehingga tidak bisa melaksanakan lanjutan ritual ibadah haji.  https://t.co/exIEit1FVr",in,[],[],[],48,145,2132,[],[],https://twitter.com/ridwankamil/status/1544966764001640449,False,,1,https://pbs.twimg.com/ext_tw_video_thumb/1544966702899015682/pu/img/kcfsL0EL6PcrgnTE.jpg,,,,,,,[],,,,
1544532894215176193,1544532691479330816,2022-07-06 12:05:12 WITA,2022-07-06,12:05:12,+0800,80323736,ridwankamil,Ridwan Kamil,,"Memahami betapa susahnya mendapatkan kesempatan berhaji walau usia, dana dan raga sangat siap, oleh karena itu saya doakan agar semua yang berniat, Allah mudahkan dan kabulkan cita-citanya berhaji di tanah suci secepatnya.  Aamiin.",in,[],[],[],32,39,514,[],[],https://twitter.com/ridwankamil/status/1544532894215176193,False,,0,,,,,,,,[],,,,
1544532890561970176,1544532691479330816,2022-07-06 12:05:11 WITA,2022-07-06,12:05:11,+0800,80323736,ridwankamil,Ridwan Kamil,,"Kemarin inspeksi, menyapa, menyemangati dan mendoakan para jamaah Haji agar semua tetap sehat, fokus pada ibadah, sehingga pergi pulang selamat dengan gelar Haji Mabrur.  https://t.co/typlm4MWjF",in,[],[],[],11,18,533,[],[],https://twitter.com/ridwankamil/status/1544532890561970176,False,,1,https://pbs.twimg.com/ext_tw_video_thumb/1544532703563100160/pu/img/xa098nvf_uj_EjmT.jpg,,,,,,,[],,,,
1544532694893469696,1544532691479330816,2022-07-06 12:04:25 WITA,2022-07-06,12:04:25,+0800,80323736,ridwankamil,Ridwan Kamil,,"2. Sistem organisasi yang lengkap, sehingga setiap masalah sekecil apapun ada tim khusus yang menangani.  3. Dapur/catering makanan khas Indonesia 3 kali sehari agar Jamaah merasa betah.  4. Kamar nyaman dan bersih untuk ber-3 atau ber-4.",in,[],[],[],1,13,174,[],[],https://twitter.com/ridwankamil/status/1544532694893469696,False,,0,,,,,,,,[],,,,
1544532691479330816,1544532691479330816,2022-07-06 12:04:24 WITA,2022-07-06,12:04:24,+0800,80323736,ridwankamil,Ridwan Kamil,,Aman nyaman terkendali.  Sistem pelayanan untuk jemaah Haji khususnya Jawa Barat sangat dimaksimalkan.  1. Ada klinik kesehatan di setiap hotel per sektor. Sehingga jemaah tidak usah gedor-gedor kamar dokter.  https://t.co/Kw1hSoQzXQ,in,[],[],[],46,110,1445,[],[],https://twitter.com/ridwankamil/status/1544532691479330816,False,,1,https://pbs.twimg.com/ext_tw_video_thumb/1544532523472285696/pu/img/VrYG2pIwHaD0qCXx.jpg,,,,,,,[],,,,
1543572774362693633,1543572770411679744,2022-07-03 20:30:02 WITA,2022-07-03,20:30:02,+0800,80323736,ridwankamil,Ridwan Kamil,,Mohon doanya dari semua agar diberi kelancaran dan seluruh jemaah haji Jawa Barat dan Indonesia lancar dan sehat selamat kembali ke tanah air sebagai Haji mabrur dan Hajjah mabrurah. Aamiin.  Hatur Nuhun.,in,[],[],[],152,58,1825,[],[],https://twitter.com/ridwankamil/status/1543572774362693633,False,,0,,,,,,,,[],,,,
1543572770411679744,1543572770411679744,2022-07-03 20:30:01 WITA,2022-07-03,20:30:01,+0800,80323736,ridwankamil,Ridwan Kamil,,"Berhaji atas nama Eril.  Besok Senin saya sbg Gubernur, akan pergi menunaikan tugas memimpin jemaah Haji Jabar yg berjumlah 17,000-an jemaah.  Di momen ini, saya akan berhaji atas nama almarhum Emmeril Kahn Mumtadz. Karenanya, tadi pagi ziarah, pamit dan berdoa di makam Eril.  https://t.co/TPJrwJXdG8",in,[],[],[],245,616,9394,[],[],https://twitter.com/ridwankamil/status/1543572770411679744,False,,1,https://pbs.twimg.com/ext_tw_video_thumb/1543572713180377088/pu/img/xFEBbLEnkTdAyCvP.jpg,,,,,,,[],,,,
1543223210128609280,1543223210128609280,2022-07-02 21:20:59 WITA,2022-07-02,21:20:59,+0800,80323736,ridwankamil,Ridwan Kamil,,"Progres Masjid Agung Jawa Barat. Diberi nama Masjid Al Jabbar. Doakan lancar setelah 2 tahun tertunda pandemi Covid.  Insya Allah, akhir tahun bisa selesai, bisa digunakan &amp; jadi kebanggaan masyarakat Jabar.  Hidup hanya sekali, jangan menua tanpa karya dan inspirasi. #JabarJuara  https://t.co/tqdXykPvno",in,[],[],[],102,156,2068,['jabarjuara'],[],https://twitter.com/ridwankamil/status/1543223210128609280,False,,1,https://pbs.twimg.com/ext_tw_video_thumb/1543223060396142593/pu/img/waCQDPvi6LPovThn.jpg,,,,,,,[],,,,
1543209005837078528,1543209005837078528,2022-07-02 20:24:33 WITA,2022-07-02,20:24:33,+0800,80323736,ridwankamil,Ridwan Kamil,,"PROGRES MASJID AGUNG JAWA BARAT, Diberi nama Masjid Al Jabbar. Doakan lancar setelah 2 tahun tertunda pandemi covid. Insya Allah, akhir tahun bisa selsai dan bisa digunakan dan menjadi kebanggaan masyarakat Jawa Barat. #jabarjuara #indonesiajuara  https://t.co/JTYxr7vShm",in,[],[],"['https://pbs.twimg.com/media/FWqUaCtaMAARD-d.jpg', 'https://pbs.twimg.com/media/FWqUaCkacAQi5zd.jpg', 'https://pbs.twimg.com/media/FWqUaCuakAEPcRY.jpg', 'https://pbs.twimg.com/media/FWqUaClaQAAI3xT.jpg']",75,129,1957,"['jabarjuara', 'indonesiajuara']",[],https://twitter.com/ridwankamil/status/1543209005837078528,False,,1,https://pbs.twimg.com/media/FWqUaCtaMAARD-d.jpg,,,,,,,[],,,,
1542813467312537601,1542813464653340673,2022-07-01 18:12:49 WITA,2022-07-01,18:12:49,+0800,80323736,ridwankamil,Ridwan Kamil,,"Kami kirimkan doa terbaik dan alfatihah.  Semoga ilmu, nasehat yang kami terima dan keteladanan almarhum Bpk Tjahjo Kumolo yang kami saksikan menjadi inspirasi bagi kita semua.   Aamiin.",in,[],[],[],12,7,215,[],[],https://twitter.com/ridwankamil/status/1542813467312537601,False,,0,,,,,,,,[],,,,
1542802954331488257,1542802954331488257,2022-07-01 17:31:02 WITA,2022-07-01,17:31:02,+0800,80323736,ridwankamil,Ridwan Kamil,,"Innailaihi wa inna lillahi rajiun. Pemprov Jawa Barat Beserta Jajaran mengucapkan turut berduka cita sedalam-dalamnya atas berpulangnya Bapak @tjahjo_kumolo Menteri PAN RB RI. Semoga diterima iman islamnya, keluarga yg ditinggalkan diberikan ketabahan &amp; kekuatan. Aamiin.  https://t.co/tLCSJv02mh",in,"[{'screen_name': 'tjahjo_kumolo', 'name': 'tjahjo kumolo', 'id': '1312420542'}]",[],['https://pbs.twimg.com/media/FWkjGlhacAAXQs0.jpg'],43,191,979,[],[],https://twitter.com/ridwankamil/status/1542802954331488257,False,,1,https://pbs.twimg.com/media/FWkjGlhacAAXQs0.jpg,,,,,,,[],,,,
1542780792946163713,1542780774197653504,2022-07-01 16:02:59 WITA,2022-07-01,16:02:59,+0800,80323736,ridwankamil,Ridwan Kamil,,"Jika menemukan ada warga Jabar yang masih tinggal di tempat tidak layak, segera kontak @dinsosjabar atau @QrJabar.   Hatur Nuhun.  https://t.co/ueygSTUQiP",in,"[{'screen_name': 'dinsosjabar', 'name': 'dinas sosial jabar', 'id': '1448034451'}, {'screen_name': 'qrjabar', 'name': 'jabar quick response #untukkemanusiaan', 'id': '1041851669011550208'}]",[],"['https://pbs.twimg.com/media/FWkO8daWAAEsbaX.jpg', 'https://pbs.twimg.com/media/FWkO8dZWAAAh2nY.jpg', 'https://pbs.twimg.com/media/FWkO8e0XoAEZNdb.jpg', 'https://pbs.twimg.com/media/FWkO8hsXgAEMN5L.jpg']",15,35,535,[],[],https://twitter.com/ridwankamil/status/1542780792946163713,False,,1,https://pbs.twimg.com/media/FWkO8daWAAEsbaX.jpg,,,,,,,[],,,,
1542780774197653504,1542780774197653504,2022-07-01 16:02:54 WITA,2022-07-01,16:02:54,+0800,80323736,ridwankamil,Ridwan Kamil,,"Bu Ami dilamar Ridwan Kamil?  Tentu bukan. Itu hadiah dari kami utk Bu Ami berbentuk cincin sesuai keinginannya, selain rumahnya yg dulu bilik reyot beralas tanah skrg sudah kami bangun ulang. Beliau sebatang kara, mengandalkan hidup dgn berdagang minuman sachet.  #JabarJuara  https://t.co/5D0yd6HrKd",in,[],[],[],54,81,1070,['jabarjuara'],[],https://twitter.com/ridwankamil/status/1542780774197653504,False,,1,https://pbs.twimg.com/ext_tw_video_thumb/1542780610283978752/pu/img/iimv9WthLZP3yGWR.jpg,,,,,,,[],,,,
1542764859615776768,1542764859615776768,2022-07-01 14:59:40 WITA,2022-07-01,14:59:40,+0800,80323736,ridwankamil,Ridwan Kamil,,"Paginya saya melepas terlebih dahulu kontingen Jabar untuk mengikuti Festival Olahraga Rekreasi Masyarakat di Palembang, dengan pesan agar tim Jabar harus Juara secara sportif dan profesional.  Mari semangat membangun masa depan yg lebih maju.  #JabarJuara #IndonesiaJuara  https://t.co/mhiPQSCiR3",in,[],[],[],12,16,282,"['jabarjuara', 'indonesiajuara']",[],https://twitter.com/ridwankamil/status/1542764859615776768,False,,1,https://pbs.twimg.com/ext_tw_video_thumb/1542764742800187392/pu/img/js_1XYLQKp8yrfo2.jpg,,,,,,,[],,,,
1542764434703417344,1542764434703417344,2022-07-01 14:57:59 WITA,2022-07-01,14:57:59,+0800,80323736,ridwankamil,Ridwan Kamil,,"Jutaan bakau atau mangrove akan ditanam di sepanjang pantai utara Jabar. Upaya dimulai di Kab. Subang, sbg upaya alami mempertahankan daratan yang hilang oleh abrasi air laut akibat disrupsi pemanasan global.  #JabarJuara #IndonesiaJuara  https://t.co/sqtj4jey1B",in,[],[],[],17,27,426,"['jabarjuara', 'indonesiajuara']",[],https://twitter.com/ridwankamil/status/1542764434703417344,False,,1,https://pbs.twimg.com/ext_tw_video_thumb/1542764274770399232/pu/img/bcrcskhJ56Dolz3t.jpg,,,,,,,[],,,,
1542439116801179648,1542439116801179648,2022-06-30 17:25:17 WITA,2022-06-30,17:25:17,+0800,80323736,ridwankamil,Ridwan Kamil,,"Desa tempat kamu tinggal punya potensi di bidang pertanian atau perikanan? Apapun potensinya,yuk daftarkan desa kalian di #SayembaraDesaDigital Program ini diharapkan dapat memperluas &amp; meningkatkan desa mandiri di Jabar. Buruan daftar! Lengkapnya cek  https://t.co/AzQ1dtCw5w ya!  https://t.co/dvOtLpy0AP",in,[],['http://desadigital.jabarprov.go.id'],"['https://pbs.twimg.com/media/FWfYMubaAAAt-XR.jpg', 'https://pbs.twimg.com/media/FWfYMuWacAANkVM.jpg', 'https://pbs.twimg.com/media/FWfYMuXaQAIQ3kR.jpg', 'https://pbs.twimg.com/media/FWfYMuZakAApreS.jpg']",33,52,574,['sayembaradesadigital'],[],https://twitter.com/ridwankamil/status/1542439116801179648,False,,1,https://pbs.twimg.com/media/FWfYMubaAAAt-XR.jpg,,,,,,,[],,,,
1542380709662593024,1542380709662593024,2022-06-30 13:33:11 WITA,2022-06-30,13:33:11,+0800,80323736,ridwankamil,Ridwan Kamil,,Melepas Kontingen Jabar ke Festival Olahraga Rekreasi Masyarakat Nasional VI 2021 (FORNAS VI) Sumatera Selatan 2022. Semoga dapat membawa nama baik Jabar dari segala aspek dengan tetap memancarkan sifat asli orang Jabar yg someah hade ka semah. #JabarJuara #IndonesiaJuara -admin-  https://t.co/tqqHES4CBi,in,[],[],"['https://pbs.twimg.com/media/FWejEkGaIAAWQHA.jpg', 'https://pbs.twimg.com/media/FWejEkGaUAEEsXy.jpg', 'https://pbs.twimg.com/media/FWejEj8aAAAnv2o.jpg', 'https://pbs.twimg.com/media/FWejEj8aQAIFTww.jpg']",8,28,471,"['jabarjuara', 'indonesiajuara']",[],https://twitter.com/ridwankamil/status/1542380709662593024,False,,1,https://pbs.twimg.com/media/FWejEkGaIAAWQHA.jpg,,,,,,,[],,,,
1542100407484559360,1542100407484559360,2022-06-29 18:59:22 WITA,2022-06-29,18:59:22,+0800,80323736,ridwankamil,Ridwan Kamil,,"Keseruan tadi pagi, dalam pembukaan kejuaraan tenis meja nasional Adhyaksa Open 2022. Menjadi atlet dadakan, walau kalah dari pasangan Asep M Mulyana dengan skor 11-9 &amp; 11-5, tetapi sportivitas harus tetap di junjung tinggi. Wilujeng Pak Asep! #JabarJuara #IndonesiaJuara -admin-  https://t.co/AqsrhOi1il",in,[],[],"['https://pbs.twimg.com/media/FWakJSbakAAms1g.jpg', 'https://pbs.twimg.com/media/FWakJSeacAA_g5b.jpg', 'https://pbs.twimg.com/media/FWakJSbaMAApNNw.jpg', 'https://pbs.twimg.com/media/FWakJScaMAAEssT.jpg']",27,34,970,"['jabarjuara', 'indonesiajuara']",[],https://twitter.com/ridwankamil/status/1542100407484559360,False,,1,https://pbs.twimg.com/media/FWakJSbakAAms1g.jpg,,,,,,,[],,,,
1541696950869032960,1541696950869032960,2022-06-28 16:16:11 WITA,2022-06-28,16:16:11,+0800,80323736,ridwankamil,Ridwan Kamil,,"Buat para pengusaha muda, ikuti Lomba Wirausaha Muda Berprestasi Jawa Barat 2022 ‚ú® Pendaftaran dibuka mulai dari 20 Juni - 20 Juli 2022. Hayuk, segera daftarkan diri ke  https://t.co/jQlaPLKXO3 üòâ  @disporajabar  #JabarJuara #PemudaJuara #WirausahaMudaJabar  https://t.co/E2XTHxrliE",in,"[{'screen_name': 'disporajabar', 'name': 'dispora jabar juara', 'id': '1964180647'}]",['http://bit.ly/wmpjuara2022'],['https://pbs.twimg.com/media/FWU1M19aIAI3Qzl.jpg'],21,28,283,"['jabarjuara', 'pemudajuara', 'wirausahamudajabar']",[],https://twitter.com/ridwankamil/status/1541696950869032960,False,,1,https://pbs.twimg.com/media/FWU1M19aIAI3Qzl.jpg,,,,,,,[],,,,
1541691251149656064,1541691251149656064,2022-06-28 15:53:32 WITA,2022-06-28,15:53:32,+0800,80323736,ridwankamil,Ridwan Kamil,,"Bersama Ketua Tim Penggerak PKK Jabar @ata_lia ,menghadiri acara Hari Kesatuan Gerak PKK yg ke 50 tahun.Tema yg diangkat kali ini adalah berbakti untuk bangsa,berbagi untuk sesama.Semoga PKK di Indonesia semakin maju &amp; memberdayakan masyarakat. #JabarJuara #IndonesiaJuara -admin-  https://t.co/kcotJmkrCY",in,"[{'screen_name': 'ata_lia', 'name': 'atalia kamil', 'id': '187469400'}]",[],"['https://pbs.twimg.com/media/FWUwBAUaQAErcjr.jpg', 'https://pbs.twimg.com/media/FWUwBAWagAEISQd.jpg', 'https://pbs.twimg.com/media/FWUwBAWagAAEAvR.jpg', 'https://pbs.twimg.com/media/FWUwBAgacAE2yzE.jpg']",16,27,649,"['jabarjuara', 'indonesiajuara']",[],https://twitter.com/ridwankamil/status/1541691251149656064,False,,1,https://pbs.twimg.com/media/FWUwBAUaQAErcjr.jpg,,,,,,,[],,,,
1541484403377184768,1541484403377184768,2022-06-28 02:11:35 WITA,2022-06-28,02:11:35,+0800,80323736,ridwankamil,Ridwan Kamil,,"Alhamdulillah Berkesempatan menyapa Calon Haji Kloter 34 asal Jabar di UPT Asrama Haji Bekasi, sekaligus memberikan arahan &amp; semangat kepada para jemaah. Insyaallah menjadi haji &amp; hajjah yg mabrur &amp; mabrurah. Aamiin. #JabarJuara #IndonesiaJuara -admin-  https://t.co/AG6NSL5qr5",in,[],[],"['https://pbs.twimg.com/media/FWRz0UyaIAItQa2.jpg', 'https://pbs.twimg.com/media/FWRz0UyaIAADKAG.jpg', 'https://pbs.twimg.com/media/FWRz0UzacAAPVza.jpg', 'https://pbs.twimg.com/media/FWRz0UuaAAAeXIF.jpg']",29,42,1040,"['jabarjuara', 'indonesiajuara']",[],https://twitter.com/ridwankamil/status/1541484403377184768,False,,1,https://pbs.twimg.com/media/FWRz0UyaIAItQa2.jpg,,,,,,,[],,,,
1541366360798035968,1541366300374892544,2022-06-27 18:22:32 WITA,2022-06-27,18:22:32,+0800,80323736,ridwankamil,Ridwan Kamil,,"Insya Allah pergi selamat dan pulang kembali juga selamat, dan menjadi Haji dan Hajjah yang mabrur dan mabrurah.   Aamiin.  #JabarJuara #IndonesiaJuara  https://t.co/EByM7QdArG",in,[],[],['https://pbs.twimg.com/media/FWQIh-vaAAE2png.jpg'],10,14,445,"['jabarjuara', 'indonesiajuara']",[],https://twitter.com/ridwankamil/status/1541366360798035968,False,,1,https://pbs.twimg.com/media/FWQIh-vaAAE2png.jpg,,,,,,,[],,,,
1541366348076716033,1541366300374892544,2022-06-27 18:22:29 WITA,2022-06-27,18:22:29,+0800,80323736,ridwankamil,Ridwan Kamil,,"Alhamdulillah tahun ini Allah berikan kemudahan. Lokasi penginapan jemaah haji Jabar hanya berjarak maksimum 1,500 m dari Masjidil Haram &amp; Kabah.  Tadi pagi melepas keberangkatan rombongan haji Jabar di embarkasi kota Bekasi sekaligus memberi arahan &amp; semangat kpd para jemaah.  https://t.co/Fwar1hEgxJ",in,[],[],"['https://pbs.twimg.com/media/FWQIhEkagAAglUV.jpg', 'https://pbs.twimg.com/media/FWQIhEwaAAEpGio.jpg']",5,13,466,[],[],https://twitter.com/ridwankamil/status/1541366348076716033,False,,1,https://pbs.twimg.com/media/FWQIhEkagAAglUV.jpg,,,,,,,[],,,,
1541366331454689280,1541366300374892544,2022-06-27 18:22:25 WITA,2022-06-27,18:22:25,+0800,80323736,ridwankamil,Ridwan Kamil,,"17,000an jemaah haji Jawa Barat berangkat tahun ini. Pemprov Jawa Barat berusaha melayani dengan semaksimal mungkin kepada jemaah haji agar aman dan nyaman saat menunaikan ibadah haji disana. #JabarJuara #IndonesiaJuara  https://t.co/syBndKIUSw",in,[],[],['https://pbs.twimg.com/media/FWQIgKvaAAAkdyi.jpg'],2,7,187,"['jabarjuara', 'indonesiajuara']",[],https://twitter.com/ridwankamil/status/1541366331454689280,False,,1,https://pbs.twimg.com/media/FWQIgKvaAAAkdyi.jpg,,,,,,,[],,,,
1541366315621191681,1541366300374892544,2022-06-27 18:22:21 WITA,2022-06-27,18:22:21,+0800,80323736,ridwankamil,Ridwan Kamil,,Karenanya bersyukurlah yang bisa berhaji di tahun 2022 ini. Dan janganlah menunggu tua untuk berhaji jika rejeki dan kesempatan bisa pergi saat usia muda itu ada. #JabarJuara #IndonesiaJuara  https://t.co/GxXDmY3efi,in,[],[],['https://pbs.twimg.com/media/FWQIfP1aAAEgvc_.jpg'],5,12,264,"['jabarjuara', 'indonesiajuara']",[],https://twitter.com/ridwankamil/status/1541366315621191681,False,,1,https://pbs.twimg.com/media/FWQIfP1aAAEgvc_.jpg,,,,,,,[],,,,
1541366300374892544,1541366300374892544,2022-06-27 18:22:17 WITA,2022-06-27,18:22:17,+0800,80323736,ridwankamil,Ridwan Kamil,,"Ngantri 32 tahun adalah waktu antrian menunggu untuk berhaji jika mendaftar sekarang. Sungguh waktu penantian yang begitu panjang. Karena kuota terbatas, Sementara yang ingin berhaji banyak sekali. #JabarJuara #IndonesiaJuara  https://t.co/JavanV2wn6",in,[],[],[],61,181,2025,"['jabarjuara', 'indonesiajuara']",[],https://twitter.com/ridwankamil/status/1541366300374892544,False,,1,https://pbs.twimg.com/ext_tw_video_thumb/1541366136209829890/pu/img/o__f3hQ3rrzB7z-r.jpg,,,,,,,[],,,,
1541355253916139520,1541355224535044096,2022-06-27 17:38:24 WITA,2022-06-27,17:38:24,+0800,80323736,ridwankamil,Ridwan Kamil,,"Jagalah alam kita, karena alam akan balik menjaga kita.  Tetap semangat dalam menata dan membangun masa depan yang lebih baik, aman dan sejahtera.  Hatur Nuhun.  #JabarJuara #IndonesiaJuara  https://t.co/e04zIszUFq",in,[],[],['https://pbs.twimg.com/media/FWP-bcpaMAAaLNw.jpg'],6,11,236,"['jabarjuara', 'indonesiajuara']",[],https://twitter.com/ridwankamil/status/1541355253916139520,False,,1,https://pbs.twimg.com/media/FWP-bcpaMAAaLNw.jpg,,,,,,,[],,,,
1541355238766313472,1541355224535044096,2022-06-27 17:38:20 WITA,2022-06-27,17:38:20,+0800,80323736,ridwankamil,Ridwan Kamil,,"Turut berduka cita kepada sebagian korban yang meninggal dunia. Insya Allah negara selalu hadir dalam proses tanggap darurat dan rekonstruksi kehidupan mereka semua.  Bencana boleh datang silih berganti, namun semangat kemanusiaan kita tidak boleh hilang dan mati.  #JabarJuara  https://t.co/2SOuuzbrQq",in,[],[],['https://pbs.twimg.com/media/FWP-ajbakAIeNll.jpg'],6,12,268,['jabarjuara'],[],https://twitter.com/ridwankamil/status/1541355238766313472,False,,1,https://pbs.twimg.com/media/FWP-ajbakAIeNll.jpg,,,,,,,[],,,,
1541355224535044096,1541355224535044096,2022-06-27 17:38:17 WITA,2022-06-27,17:38:17,+0800,80323736,ridwankamil,Ridwan Kamil,,"Inspeksi, koordinasi dan membersamai para korban banjir bandang di Kecamatan Pamijahan dan Leuwiliang di Kab Bogor di Minggu pagi.  Sekaligus memberikan dana bantuan dari Pemprov Jabar untuk tahap tanggap darurat ini.  #JabarJuara #IndonesiaJuara  https://t.co/m27df1uaFu",in,[],[],[],13,35,525,"['jabarjuara', 'indonesiajuara']",[],https://twitter.com/ridwankamil/status/1541355224535044096,False,,1,https://pbs.twimg.com/ext_tw_video_thumb/1541354745939763201/pu/img/DoFDKp4Ww-GX6zXF.jpg,,,,,,,[],,,,
1540950451499454466,1540950429764587521,2022-06-26 14:49:51 WITA,2022-06-26,14:49:51,+0800,80323736,ridwankamil,Ridwan Kamil,,"Suatu hari nanti, semoga kopi-kopi terbaik ini akan menguasai dunia melalui coffee diplomacy.  Hatur Nuhun.  https://t.co/KOR6GTE20L",in,[],[],"['https://pbs.twimg.com/media/FWKOQW0akAAzpni.jpg', 'https://pbs.twimg.com/media/FWKOQXZaAAEWtE3.jpg', 'https://pbs.twimg.com/media/FWKOQXlaQAEnxAJ.jpg', 'https://pbs.twimg.com/media/FWKOQX6acAEN4SM.jpg']",24,39,836,[],[],https://twitter.com/ridwankamil/status/1540950451499454466,False,,1,https://pbs.twimg.com/media/FWKOQW0akAAzpni.jpg,,,,,,,[],,,,
1540950429764587521,1540950429764587521,2022-06-26 14:49:46 WITA,2022-06-26,14:49:46,+0800,80323736,ridwankamil,Ridwan Kamil,,"Di negeri Cappucino, tim Pemprov Jabar meluaskan pasar kopi Jabar agar terus mendunia. Di pameran kopi dunia di Milan.  ‚ÄúI like it. You make a lot of people happy with their first time Liberica,‚Äù kata si Teteh, sebut saja Mawar yg  mencoba salah satu kopi terbaik yg kami bawa.  https://t.co/IqJLXr8l7b",in,[],[],[],49,135,1536,[],[],https://twitter.com/ridwankamil/status/1540950429764587521,False,,1,https://pbs.twimg.com/ext_tw_video_thumb/1540950167767363584/pu/img/2qyjlmyT8OytADY-.jpg,,,,,,,[],,,,
1540893512111357952,1540893512111357952,2022-06-26 11:03:36 WITA,2022-06-26,11:03:36,+0800,80323736,ridwankamil,Ridwan Kamil,,"Buat warga Jawa Barat dan seluruh Indonesia yang kreatif serta jago gambar. Ikuti ""Jabart Drawing Competition 2022"" in Collaboration with Wacom. Peserta yang lolos kurasi akan langsung dinilai oleh saya.  Link pendaftaran :  https://t.co/qTbrP5z7vX  https://t.co/z3phNjEE2t",in,[],['https://bit.ly/JabartDrawing2022'],[],49,244,2029,[],[],https://twitter.com/ridwankamil/status/1540893512111357952,False,,1,https://pbs.twimg.com/ext_tw_video_thumb/1540893431085801474/pu/img/BJSC2TYtnWFRgVPq.jpg,,,,,,,[],,,,
1540682674897141765,1540682468579127297,2022-06-25 21:05:48 WITA,2022-06-25,21:05:48,+0800,80323736,ridwankamil,Ridwan Kamil,,Terima kasih kpd semua sahabat/teman Eril &amp; masyarakat yg ikut Gerakan Berbagi Kebaikan &amp; Keberkahan di hari ini.  Terima kasih kepada mereka yg mencipta banyak lagu tentang Eril &amp; puluhan puisi dari mereka yg menyayangi Eril. Suatu saat nanti saya akan menyapa satu persatu. üôèüôè  https://t.co/ymUQpZZKRD,in,[],[],[],40,166,3158,[],[],https://twitter.com/ridwankamil/status/1540682674897141765,False,,1,https://pbs.twimg.com/ext_tw_video_thumb/1540682481015349248/pu/img/HKZ0yFl81QGwT7g0.jpg,,,,,,,[],,,,
1540682468579127297,1540682468579127297,2022-06-25 21:04:59 WITA,2022-06-25,21:04:59,+0800,80323736,ridwankamil,Ridwan Kamil,,"HBD A Eril, banyak yg kasih hadiah istimewa di hari lahirmu.  Mas Bony S &amp; friends bikin khusus animasi tentangmu &amp; bunga di surga.   Bang Abdul Like Coffee spesial bikin lagu mengenangmu ‚ÄúYou will always be my home‚Äù. A very beautiful song.  Kang Teguh bikin editannya keren.  https://t.co/zXxQPIWobY",in,[],[],[],179,1532,14980,[],[],https://twitter.com/ridwankamil/status/1540682468579127297,False,,1,https://pbs.twimg.com/ext_tw_video_thumb/1540682324861403136/pu/img/zxbdENag_fjTIV8A.jpg,,,,,,,[],,,,
1540241199931756544,1540241199931756544,2022-06-24 15:51:33 WITA,2022-06-24,15:51:33,+0800,80323736,ridwankamil,Ridwan Kamil,,"108 pemuda pemudi hebat. Dari 2032 pendaftar, saya lantik &amp; kukuhkan jadi Duta Pariwisata Jabar atau SWJ Ambassador.  Tugasnya promosi &amp; mengedukasi pariwisata di IG, Twitter dll sambil healing &amp; merekam berbagai tempat keren di Provinsi yg indah ini. #JabarJuara #IndonesiaJuara  https://t.co/cM3LJbOWWi",in,[],[],[],33,73,1193,"['jabarjuara', 'indonesiajuara']",[],https://twitter.com/ridwankamil/status/1540241199931756544,False,,1,https://pbs.twimg.com/ext_tw_video_thumb/1540240995979509761/pu/img/v4EykaTFY-tHMll7.jpg,,,,,,,[],,,,
1540185398122528768,1540185378111557633,2022-06-24 12:09:48 WITA,2022-06-24,12:09:48,+0800,80323736,ridwankamil,Ridwan Kamil,,"Ini adalah investasi. Panennya Insya Allah akan hadir di masa mendatang, dengan munculnya individu-individu dengan karya-karya yang juara.  Sebuah cetak biru yang membawa Jabar juara dalam ekonomi kreatif yg membawa kesejahteraan rakyat dgn cara baru.  #JabarJuara #IndonesiaJuara  https://t.co/oC7E9Q5czd",in,[],[],"['https://pbs.twimg.com/media/FV_WdLwWIAIXjc7.jpg', 'https://pbs.twimg.com/media/FV_WdMHWYAEya6Q.jpg', 'https://pbs.twimg.com/media/FV_WdMYWQAAjqX6.jpg']",3,15,298,"['jabarjuara', 'indonesiajuara']",[],https://twitter.com/ridwankamil/status/1540185398122528768,False,,1,https://pbs.twimg.com/media/FV_WdLwWIAIXjc7.jpg,,,,,,,[],,,,
1540185388253384704,1540185378111557633,2022-06-24 12:09:46 WITA,2022-06-24,12:09:46,+0800,80323736,ridwankamil,Ridwan Kamil,,Itulah kenapa Negara hadir. Menghadirkan fasilitas tempat bergaul dan berkumpul orang-orang kreatif dalam bentuk Creative Center seperti yang saya resmikan di Sumedang.  https://t.co/2Dmjmkhcoz,in,[],[],"['https://pbs.twimg.com/media/FV_WcjEXkAEcePV.jpg', 'https://pbs.twimg.com/media/FV_WcjlX0AESBpU.jpg']",5,14,397,[],[],https://twitter.com/ridwankamil/status/1540185388253384704,False,,1,https://pbs.twimg.com/media/FV_WcjEXkAEcePV.jpg,,,,,,,[],,,,
1540185378111557633,1540185378111557633,2022-06-24 12:09:44 WITA,2022-06-24,12:09:44,+0800,80323736,ridwankamil,Ridwan Kamil,,"MAU JADI ORANG KREATIF?  Bergaullah dengan orang-orang kreatif pasti terbawa kreatif. Mau jadi orang pintar optimis? bergaullah dengan mereka yang pintar optimis, pasti terbawa pintar dan optimis.  https://t.co/stSSaa79fW",in,[],[],[],32,113,1319,[],[],https://twitter.com/ridwankamil/status/1540185378111557633,False,,1,https://pbs.twimg.com/ext_tw_video_thumb/1540185287825002496/pu/img/KdB86U6IW8L7BnI5.jpg,,,,,,,[],,,,
1539922665875861505,1539922665875861505,2022-06-23 18:45:48 WITA,2022-06-23,18:45:48,+0800,80323736,ridwankamil,Ridwan Kamil,,"Turut berduka cita atas korban banjir bandang yang melanda Desa Cibunian, Kecamatan Pamijahan, Kabupaten Bogor pada Rabu 22 Juni 2022. Doa Jabar untuk seluruh korban banjir bandang, semoga senantiasa diberikan ketabahan dan kekuatan. Aamiin. #JabarJuara #IndonesiaJuara -admin-  https://t.co/5wi2MbFeOM",in,[],[],['https://pbs.twimg.com/media/FV7nf2KaMAUmkl-.jpg'],57,110,1505,"['jabarjuara', 'indonesiajuara']",[],https://twitter.com/ridwankamil/status/1539922665875861505,False,,1,https://pbs.twimg.com/media/FV7nf2KaMAUmkl-.jpg,,,,,,,[],,,,
1539565614787854336,1539565612049080321,2022-06-22 19:07:00 WITA,2022-06-22,19:07:00,+0800,80323736,ridwankamil,Ridwan Kamil,,"Insya Allah, Idul Qurban akan terselenggara dengan aman dan nyaman dan semua ternak sehat siap kurban akan ditandai keping kuning di kuping dengan barcode untuk menjadi data kesehatan ternak tersebut.  Hatur Nuhun.",in,[],[],[],12,17,416,[],[],https://twitter.com/ridwankamil/status/1539565614787854336,False,,0,,,,,,,,[],,,,
1539565612049080321,1539565612049080321,2022-06-22 19:07:00 WITA,2022-06-22,19:07:00,+0800,80323736,ridwankamil,Ridwan Kamil,,"Sapi divaksinasi untuk melawan penyakit mulut dan kuku yang menyerang ternak minggu ini mulai dilaksanakan di Jawa Barat.  Ternak yang sakit diobati, yang sehat divaksin sampai booster, seperti haknya cara kita melawan penyakit Covid untuk manusia.  https://t.co/ibyvie5VgE",in,[],[],[],34,67,1057,[],[],https://twitter.com/ridwankamil/status/1539565612049080321,False,,1,https://pbs.twimg.com/ext_tw_video_thumb/1539565540745814016/pu/img/hB4WjDSf56IU8cbK.jpg,,,,,,,[],,,,
1539527702189064192,1539527702189064192,2022-06-22 16:36:21 WITA,2022-06-22,16:36:21,+0800,80323736,ridwankamil,Ridwan Kamil,,"Hari ini melantik Kepengurusan Forum Kewaspadaan Dini Masyarakat (FKDM) Jabar Periode 2022-2025. Sukses dan selamat bertugas. Semoga FKDM menjadi organisasi yg sensitif, berpartisipasi menjaga juga memelihara kondusifitas di Jawa Barat. #JabarJuara #IndonesiaJuara -admin-  https://t.co/qkMy50ca9J",in,[],[],"['https://pbs.twimg.com/media/FV2AQ86aQAElPMu.jpg', 'https://pbs.twimg.com/media/FV2AQ8raAAEQXhI.jpg', 'https://pbs.twimg.com/media/FV2AQ8uaMAAHCZ1.jpg', 'https://pbs.twimg.com/media/FV2AQ8saUAApulp.jpg']",8,32,658,"['jabarjuara', 'indonesiajuara']",[],https://twitter.com/ridwankamil/status/1539527702189064192,False,,1,https://pbs.twimg.com/media/FV2AQ86aQAElPMu.jpg,,,,,,,[],,,,
1539261668198612992,1539261469816406016,2022-06-21 22:59:14 WITA,2022-06-21,22:59:14,+0800,80323736,ridwankamil,Ridwan Kamil,,Minggu ini kami memulai kembali hidup baru dengan semangat ananda Eril yang akan menyertai setiap langkah dan napas kami.  Sekali lagi beribu hatur nuhun kami haturkan.  *Makam Eril tetap terbuka untuk umum dari jam 8.00-17.00. Mohon menjaga adab saat berziarah.,in,[],[],[],16,62,1676,[],[],https://twitter.com/ridwankamil/status/1539261668198612992,False,,0,,,,,,,,[],,,,
1539261664255942656,1539261469816406016,2022-06-21 22:59:13 WITA,2022-06-21,22:59:13,+0800,80323736,ridwankamil,Ridwan Kamil,,"Dan kami haturkan terima kasih kepada semua pihak yang sudah mendoakan dan menyelenggarakan shalat gaib juga shalat jenazah, yang tidak bisa kami sebutkan satu persatu.  Semoga Allah membalas semua kebaikan bapak ibu dan saudara semuanya dengan ganjaran berlipat.",in,[],[],[],7,31,1362,[],[],https://twitter.com/ridwankamil/status/1539261664255942656,False,,0,,,,,,,,[],,,,
1539261660250386432,1539261469816406016,2022-06-21 22:59:12 WITA,2022-06-21,22:59:12,+0800,80323736,ridwankamil,Ridwan Kamil,,Kami haturkan terima kasih kepada semua pihak yang sudah mengirimkan ucapan bela sungkawa dan mengirim bunga duka cita yang tidak dapat kami sebutkan satu persatu.,in,[],[],[],3,26,999,[],[],https://twitter.com/ridwankamil/status/1539261660250386432,False,,0,,,,,,,,[],,,,
1539261654118313984,1539261469816406016,2022-06-21 22:59:11 WITA,2022-06-21,22:59:11,+0800,80323736,ridwankamil,Ridwan Kamil,,Kami ucapkan terima kasih kepada semua semua pihak yang sudah membantu pencarian sampai pemakaman Eril dari awal hingga akhir yang tidak bisa kami sebutkan satu persatu.  https://t.co/1Bj0dO1rMd,in,[],[],[],11,79,2043,[],[],https://twitter.com/ridwankamil/status/1539261654118313984,False,,1,https://pbs.twimg.com/ext_tw_video_thumb/1539261474170114049/pu/img/Ys5UHZV8olUaRmsI.jpg,,,,,,,[],,,,
1539261469816406016,1539261469816406016,2022-06-21 22:58:27 WITA,2022-06-21,22:58:27,+0800,80323736,ridwankamil,Ridwan Kamil,,"Bismillah, setelah 7 hari sejak Eril dimakamkan, dengan ini kami secara resmi menutup rangkaian kegiatan doa bersama dan takziah publik untuk almarhum ananda Eril.  https://t.co/XJlhvWV354",in,[],[],[],113,948,13028,[],[],https://twitter.com/ridwankamil/status/1539261469816406016,False,,1,https://pbs.twimg.com/ext_tw_video_thumb/1539261334503964674/pu/img/GRM7pludzk9yX_E1.jpg,,,,,,,[],,,,
1539082896413458432,1539082896413458432,2022-06-21 11:08:51 WITA,2022-06-21,11:08:51,+0800,80323736,ridwankamil,Ridwan Kamil,,"Yth Ibu Asni di Lubuk Tongga, Sumatera Barat,  Doa dari kami sekeluarga di Bandung, semoga Allah SWT mengabulkan segala doa ibu. Semoga ananda Ikhsan segera ditemukan &amp; bisa bertemu lg dalam kondisi apapun yg terbaik yg Allah tetapkan.  Semoga Ibu selalu dikuatkan lahir batin.  https://t.co/svIFFrKVR4",in,[],[],['https://pbs.twimg.com/media/FVvrudbaIAADYre.jpg'],116,673,6231,[],[],https://twitter.com/ridwankamil/status/1539082896413458432,False,,1,https://pbs.twimg.com/media/FVvrudbaIAADYre.jpg,,,,,,,[],,,,
1538840796539105281,1538840796539105281,2022-06-20 19:06:50 WITA,2022-06-20,19:06:50,+0800,80323736,ridwankamil,Ridwan Kamil,,Bahagia rasanya di hari Senin ini memulai kegiatan dengan meresmikan Sumedang Creative Center. Gedung ini merupakan investasi jangka panjang untuk mewadahi kreativitas. Insyaallah hasilnya bisa dipanen di masa yg akan datang. #JabarJuara #IndonesiaJuara -admin-  https://t.co/EZIGtOn2lP,in,[],[],"['https://pbs.twimg.com/media/FVsPinkaUAAxL4i.jpg', 'https://pbs.twimg.com/media/FVsPin3agAAnsza.jpg', 'https://pbs.twimg.com/media/FVsPinlaMAETl-A.jpg', 'https://pbs.twimg.com/media/FVsPioUagAAhX77.jpg']",77,153,2787,"['jabarjuara', 'indonesiajuara']",[],https://twitter.com/ridwankamil/status/1538840796539105281,False,,1,https://pbs.twimg.com/media/FVsPinkaUAAxL4i.jpg,,,,,,,[],,,,
1538764941418561536,1538764941418561536,2022-06-20 14:05:25 WITA,2022-06-20,14:05:25,+0800,80323736,ridwankamil,Ridwan Kamil,,"Hari ini pengumuman hasil seleksi PPDB. Kalian bisa mengambil hasil pengumumannya ke sekolah tujuan (sekolah tempat mendaftar) atau bisa dilihat di website PPDB di  https://t.co/0C5raa3shc.  Semoga berhasil! ""Sekolah Merdeka Jabar Juara""!  https://t.co/vwFuDL0muj",in,[],['http://ppdb.disdik.jabarprov.go.id'],['https://pbs.twimg.com/media/FVrKjn_aQAA-4uN.jpg'],41,56,772,[],[],https://twitter.com/ridwankamil/status/1538764941418561536,False,,1,https://pbs.twimg.com/media/FVrKjn_aQAA-4uN.jpg,,,,,,,[],,,,
1538710865230577664,1538710865230577664,2022-06-20 10:30:32 WITA,2022-06-20,10:30:32,+0800,80323736,ridwankamil,Ridwan Kamil,,"Alhamdulillah makam Alm Ananda Eril, kemarin diziarahi dan didoakan oleh Habib Muhammad Lutfi bin Yahya.  Terima kasih juga kepada semua yang berkenan datang mendoakan.   Jazakallah.  https://t.co/7izLU8Oor9",in,[],[],[],339,1284,19699,[],[],https://twitter.com/ridwankamil/status/1538710865230577664,False,,1,https://pbs.twimg.com/ext_tw_video_thumb/1538710808242552833/pu/img/QhSa1ckGoFvUBZ2R.jpg,,,,,,,[],,,,
1538397905010454528,1538397905010454528,2022-06-19 13:46:57 WITA,2022-06-19,13:46:57,+0800,80323736,ridwankamil,Ridwan Kamil,,Selamat berhari Minggu.  Jangan lupa selalu bergembira dan berbahagia bersama mereka yang kita cinta.  Salam sehat untuk semua.  https://t.co/fz37qqmGpG,in,[],[],[],162,436,6917,[],[],https://twitter.com/ridwankamil/status/1538397905010454528,False,,1,https://pbs.twimg.com/ext_tw_video_thumb/1538397793475493890/pu/img/XMWjEHL6aK63tASM.jpg,,,,,,,[],,,,
1537970518808473600,1537970518808473600,2022-06-18 09:28:40 WITA,2022-06-18,09:28:40,+0800,80323736,ridwankamil,Ridwan Kamil,,Permainan tepuk tangan ini saya pelajari khusus agar bisa bonding dgn Zara saat kecil.  Jgn lupa selalu rayakan momen penting anak dgn cara sederhana agar mereka punya memori indah. Gak harus dgn mewah-mewah.  Selamat berakhir pekan. Belanjakan waktu dgn mereka yg mencintai kita.  https://t.co/1JIQS8cGf6,in,[],[],[],562,5337,33976,[],[],https://twitter.com/ridwankamil/status/1537970518808473600,False,,1,https://pbs.twimg.com/ext_tw_video_thumb/1537970425980137473/pu/img/djnScb0ZXZNq8JSH.jpg,,,,,,,[],,,,
1537415568676245504,1537406338082676736,2022-06-16 20:43:30 WITA,2022-06-16,20:43:30,+0800,80323736,ridwankamil,Ridwan Kamil,,@ulniania üôè,und,[],[],[],5,3,278,[],[],https://twitter.com/ridwankamil/status/1537415568676245504,False,,0,,,,,,,,"[{'screen_name': 'ulniania', 'name': 'ulniania', 'id': '1240111751141736450'}]",,,,
1537406338082676736,1537406338082676736,2022-06-16 20:06:49 WITA,2022-06-16,20:06:49,+0800,80323736,ridwankamil,Ridwan Kamil,,"Menghadiri Wisuda Camillia Laetitia Azzahra di SMAN 3 Bandung, sekaligus berikan sambutan sebagai alumni yg masuk angkatan 1988 lulus 1990. Selamat &amp; sukses ! Terus kuasai perkembangan teknologi &amp; ekonomi digital, untuk masa depan cemerlang. #JabarJuara #IndonesiaJuara -admin-  https://t.co/yKGqbBWoO4",in,[],[],"['https://pbs.twimg.com/media/FVX26LSagAEuUYc.jpg', 'https://pbs.twimg.com/media/FVX26LTaQAAGpm7.jpg', 'https://pbs.twimg.com/media/FVX26LfacAArhYt.jpg', 'https://pbs.twimg.com/media/FVX26LdagAANvty.jpg']",345,1848,27827,"['jabarjuara', 'indonesiajuara']",[],https://twitter.com/ridwankamil/status/1537406338082676736,False,,1,https://pbs.twimg.com/media/FVX26LSagAEuUYc.jpg,,,,,,,[],,,,
1545938039058604032,1545937935606116352,2022-07-10 09:08:45 WITA,2022-07-10,09:08:45,+0800,80323736,ridwankamil,Ridwan Kamil,,Semoga Qurban dan segala pengorbanan kita semua ini diterima Allah SWT sebagai pahala yang menyelamatkan kita di akhir waktu kelak.  Kami haturkan mohon maaf lahir dan bathin juga.  Hatur nuhun.  https://t.co/BF9obneb2P,in,[],[],[],10,29,481,[],[],https://twitter.com/ridwankamil/status/1545938039058604032,False,,1,https://pbs.twimg.com/ext_tw_video_thumb/1545937940370829312/pu/img/F4hxBPrML-5lpLsA.jpg,,,,,,,[],,,,
1545937935606116352,1545937935606116352,2022-07-10 09:08:20 WITA,2022-07-10,09:08:20,+0800,80323736,ridwankamil,Ridwan Kamil,,"Alhamdulillah, semua proses badal haji atau menghajikan atas nama Eril sudah kami tunaikan. Dari niat sampai proses wajib rukun dan sunnahnya.  Semoga menjadi Haji Mabrur.  SELAMAT IDUL ADHA 1443 H, juga kami haturkan kepada umat Islam yang merayakan. Mohon maaf lahir batin.  https://t.co/cnk7kA0XQy",in,[],[],[],31,73,1092,[],[],https://twitter.com/ridwankamil/status/1545937935606116352,False,,1,https://pbs.twimg.com/ext_tw_video_thumb/1545937828747816960/pu/img/blTqbsiS5nkQ1MnB.jpg,,,,,,,[],,,,
1545371884703072256,1545371884703072256,2022-07-08 19:39:03 WITA,2022-07-08,19:39:03,+0800,80323736,ridwankamil,Ridwan Kamil,,"Suasana Indonesia di Tanah Suci.  Ketika mengecek kondisi para jamaah, ternyata serasa di kampung sendiri, saat di Mekkah berjumpa dengan yang dirindukan melebihi ke istri sendiri yaitu the one and only: BALA-BALA.   #JabarJuara #IndonesiaJuara  https://t.co/i9veC88CjL",in,[],[],[],94,148,2207,"['jabarjuara', 'indonesiajuara']",[],https://twitter.com/ridwankamil/status/1545371884703072256,False,,1,https://pbs.twimg.com/ext_tw_video_thumb/1545371586471276544/pu/img/H6Ng07K_D6LOXiN7.jpg,,,,,,,[],,,,
1544966777628925952,1544966764001640449,2022-07-07 16:49:18 WITA,2022-07-07,16:49:18,+0800,80323736,ridwankamil,Ridwan Kamil,,"Insya Allah, pulang ke tanah air tetap dengan predikat Hajjah yang menyempurnakan rukun islam ke-5 nya.  Bersyukurlah saat mendapat keberkahan. Bersabarlah sat mendapat kemusibahan. Berikhtiarlah saat kita mengejar tujuan Berdoalah saat kita meminta perlindungan.  https://t.co/5S37TPnuo6",in,[],[],['https://pbs.twimg.com/media/FXDTF6EaQAAgt6x.jpg'],9,23,581,[],[],https://twitter.com/ridwankamil/status/1544966777628925952,False,,1,https://pbs.twimg.com/media/FXDTF6EaQAAgt6x.jpg,,,,,,,[],,,,
1544966767956869120,1544966764001640449,2022-07-07 16:49:16 WITA,2022-07-07,16:49:16,+0800,80323736,ridwankamil,Ridwan Kamil,,"Untungnya, Islam memberikan kemudahan atau rukhsah kepada mereka yang berhalangan. Tim Haji Jawa Barat sudah mengantisipasi hal-hal ini, dengan menyiapkan personel pengganti Ibu Winingsih dengan syariat yang disebut Badal Haji atau dihajikan.",in,[],[],[],4,10,368,[],[],https://twitter.com/ridwankamil/status/1544966767956869120,False,,0,,,,,,,,[],,,,
1544966764001640449,1544966764001640449,2022-07-07 16:49:15 WITA,2022-07-07,16:49:15,+0800,80323736,ridwankamil,Ridwan Kamil,,"Menyemangati Ibu Winingsih, salah satu jemaah Haji asal Subang Jawa Barat yg sedang mendapat ujian. Saya jenguk &amp; semangati semalam.   Beliau sakit terkena stroke saat di tanah suci yg membuatnya tidak mampu bergerak sehingga tidak bisa melaksanakan lanjutan ritual ibadah haji.  https://t.co/exIEit1FVr",in,[],[],[],48,145,2132,[],[],https://twitter.com/ridwankamil/status/1544966764001640449,False,,1,https://pbs.twimg.com/ext_tw_video_thumb/1544966702899015682/pu/img/kcfsL0EL6PcrgnTE.jpg,,,,,,,[],,,,
1544532894215176193,1544532691479330816,2022-07-06 12:05:12 WITA,2022-07-06,12:05:12,+0800,80323736,ridwankamil,Ridwan Kamil,,"Memahami betapa susahnya mendapatkan kesempatan berhaji walau usia, dana dan raga sangat siap, oleh karena itu saya doakan agar semua yang berniat, Allah mudahkan dan kabulkan cita-citanya berhaji di tanah suci secepatnya.  Aamiin.",in,[],[],[],32,39,514,[],[],https://twitter.com/ridwankamil/status/1544532894215176193,False,,0,,,,,,,,[],,,,
1544532890561970176,1544532691479330816,2022-07-06 12:05:11 WITA,2022-07-06,12:05:11,+0800,80323736,ridwankamil,Ridwan Kamil,,"Kemarin inspeksi, menyapa, menyemangati dan mendoakan para jamaah Haji agar semua tetap sehat, fokus pada ibadah, sehingga pergi pulang selamat dengan gelar Haji Mabrur.  https://t.co/typlm4MWjF",in,[],[],[],11,18,533,[],[],https://twitter.com/ridwankamil/status/1544532890561970176,False,,1,https://pbs.twimg.com/ext_tw_video_thumb/1544532703563100160/pu/img/xa098nvf_uj_EjmT.jpg,,,,,,,[],,,,
1544532694893469696,1544532691479330816,2022-07-06 12:04:25 WITA,2022-07-06,12:04:25,+0800,80323736,ridwankamil,Ridwan Kamil,,"2. Sistem organisasi yang lengkap, sehingga setiap masalah sekecil apapun ada tim khusus yang menangani.  3. Dapur/catering makanan khas Indonesia 3 kali sehari agar Jamaah merasa betah.  4. Kamar nyaman dan bersih untuk ber-3 atau ber-4.",in,[],[],[],1,13,174,[],[],https://twitter.com/ridwankamil/status/1544532694893469696,False,,0,,,,,,,,[],,,,
1544532691479330816,1544532691479330816,2022-07-06 12:04:24 WITA,2022-07-06,12:04:24,+0800,80323736,ridwankamil,Ridwan Kamil,,Aman nyaman terkendali.  Sistem pelayanan untuk jemaah Haji khususnya Jawa Barat sangat dimaksimalkan.  1. Ada klinik kesehatan di setiap hotel per sektor. Sehingga jemaah tidak usah gedor-gedor kamar dokter.  https://t.co/Kw1hSoQzXQ,in,[],[],[],46,110,1446,[],[],https://twitter.com/ridwankamil/status/1544532691479330816,False,,1,https://pbs.twimg.com/ext_tw_video_thumb/1544532523472285696/pu/img/VrYG2pIwHaD0qCXx.jpg,,,,,,,[],,,,
1543572774362693633,1543572770411679744,2022-07-03 20:30:02 WITA,2022-07-03,20:30:02,+0800,80323736,ridwankamil,Ridwan Kamil,,Mohon doanya dari semua agar diberi kelancaran dan seluruh jemaah haji Jawa Barat dan Indonesia lancar dan sehat selamat kembali ke tanah air sebagai Haji mabrur dan Hajjah mabrurah. Aamiin.  Hatur Nuhun.,in,[],[],[],152,58,1825,[],[],https://twitter.com/ridwankamil/status/1543572774362693633,False,,0,,,,,,,,[],,,,
1543572770411679744,1543572770411679744,2022-07-03 20:30:01 WITA,2022-07-03,20:30:01,+0800,80323736,ridwankamil,Ridwan Kamil,,"Berhaji atas nama Eril.  Besok Senin saya sbg Gubernur, akan pergi menunaikan tugas memimpin jemaah Haji Jabar yg berjumlah 17,000-an jemaah.  Di momen ini, saya akan berhaji atas nama almarhum Emmeril Kahn Mumtadz. Karenanya, tadi pagi ziarah, pamit dan berdoa di makam Eril.  https://t.co/TPJrwJXdG8",in,[],[],[],245,616,9394,[],[],https://twitter.com/ridwankamil/status/1543572770411679744,False,,1,https://pbs.twimg.com/ext_tw_video_thumb/1543572713180377088/pu/img/xFEBbLEnkTdAyCvP.jpg,,,,,,,[],,,,
1543223210128609280,1543223210128609280,2022-07-02 21:20:59 WITA,2022-07-02,21:20:59,+0800,80323736,ridwankamil,Ridwan Kamil,,"Progres Masjid Agung Jawa Barat. Diberi nama Masjid Al Jabbar. Doakan lancar setelah 2 tahun tertunda pandemi Covid.  Insya Allah, akhir tahun bisa selesai, bisa digunakan &amp; jadi kebanggaan masyarakat Jabar.  Hidup hanya sekali, jangan menua tanpa karya dan inspirasi. #JabarJuara  https://t.co/tqdXykPvno",in,[],[],[],102,156,2067,['jabarjuara'],[],https://twitter.com/ridwankamil/status/1543223210128609280,False,,1,https://pbs.twimg.com/ext_tw_video_thumb/1543223060396142593/pu/img/waCQDPvi6LPovThn.jpg,,,,,,,[],,,,
1543209005837078528,1543209005837078528,2022-07-02 20:24:33 WITA,2022-07-02,20:24:33,+0800,80323736,ridwankamil,Ridwan Kamil,,"PROGRES MASJID AGUNG JAWA BARAT, Diberi nama Masjid Al Jabbar. Doakan lancar setelah 2 tahun tertunda pandemi covid. Insya Allah, akhir tahun bisa selsai dan bisa digunakan dan menjadi kebanggaan masyarakat Jawa Barat. #jabarjuara #indonesiajuara  https://t.co/JTYxr7vShm",in,[],[],"['https://pbs.twimg.com/media/FWqUaCtaMAARD-d.jpg', 'https://pbs.twimg.com/media/FWqUaCkacAQi5zd.jpg', 'https://pbs.twimg.com/media/FWqUaCuakAEPcRY.jpg', 'https://pbs.twimg.com/media/FWqUaClaQAAI3xT.jpg']",75,129,1957,"['jabarjuara', 'indonesiajuara']",[],https://twitter.com/ridwankamil/status/1543209005837078528,False,,1,https://pbs.twimg.com/media/FWqUaCtaMAARD-d.jpg,,,,,,,[],,,,
1542813467312537601,1542813464653340673,2022-07-01 18:12:49 WITA,2022-07-01,18:12:49,+0800,80323736,ridwankamil,Ridwan Kamil,,"Kami kirimkan doa terbaik dan alfatihah.  Semoga ilmu, nasehat yang kami terima dan keteladanan almarhum Bpk Tjahjo Kumolo yang kami saksikan menjadi inspirasi bagi kita semua.   Aamiin.",in,[],[],[],12,7,215,[],[],https://twitter.com/ridwankamil/status/1542813467312537601,False,,0,,,,,,,,[],,,,
1542802954331488257,1542802954331488257,2022-07-01 17:31:02 WITA,2022-07-01,17:31:02,+0800,80323736,ridwankamil,Ridwan Kamil,,"Innailaihi wa inna lillahi rajiun. Pemprov Jawa Barat Beserta Jajaran mengucapkan turut berduka cita sedalam-dalamnya atas berpulangnya Bapak @tjahjo_kumolo Menteri PAN RB RI. Semoga diterima iman islamnya, keluarga yg ditinggalkan diberikan ketabahan &amp; kekuatan. Aamiin.  https://t.co/tLCSJv02mh",in,"[{'screen_name': 'tjahjo_kumolo', 'name': 'tjahjo kumolo', 'id': '1312420542'}]",[],['https://pbs.twimg.com/media/FWkjGlhacAAXQs0.jpg'],43,191,979,[],[],https://twitter.com/ridwankamil/status/1542802954331488257,False,,1,https://pbs.twimg.com/media/FWkjGlhacAAXQs0.jpg,,,,,,,[],,,,
1542780792946163713,1542780774197653504,2022-07-01 16:02:59 WITA,2022-07-01,16:02:59,+0800,80323736,ridwankamil,Ridwan Kamil,,"Jika menemukan ada warga Jabar yang masih tinggal di tempat tidak layak, segera kontak @dinsosjabar atau @QrJabar.   Hatur Nuhun.  https://t.co/ueygSTUQiP",in,"[{'screen_name': 'dinsosjabar', 'name': 'dinas sosial jabar', 'id': '1448034451'}, {'screen_name': 'qrjabar', 'name': 'jabar quick response #untukkemanusiaan', 'id': '1041851669011550208'}]",[],"['https://pbs.twimg.com/media/FWkO8daWAAEsbaX.jpg', 'https://pbs.twimg.com/media/FWkO8dZWAAAh2nY.jpg', 'https://pbs.twimg.com/media/FWkO8e0XoAEZNdb.jpg', 'https://pbs.twimg.com/media/FWkO8hsXgAEMN5L.jpg']",15,35,534,[],[],https://twitter.com/ridwankamil/status/1542780792946163713,False,,1,https://pbs.twimg.com/media/FWkO8daWAAEsbaX.jpg,,,,,,,[],,,,
1542780774197653504,1542780774197653504,2022-07-01 16:02:54 WITA,2022-07-01,16:02:54,+0800,80323736,ridwankamil,Ridwan Kamil,,"Bu Ami dilamar Ridwan Kamil?  Tentu bukan. Itu hadiah dari kami utk Bu Ami berbentuk cincin sesuai keinginannya, selain rumahnya yg dulu bilik reyot beralas tanah skrg sudah kami bangun ulang. Beliau sebatang kara, mengandalkan hidup dgn berdagang minuman sachet.  #JabarJuara  https://t.co/5D0yd6HrKd",in,[],[],[],54,81,1071,['jabarjuara'],[],https://twitter.com/ridwankamil/status/1542780774197653504,False,,1,https://pbs.twimg.com/ext_tw_video_thumb/1542780610283978752/pu/img/iimv9WthLZP3yGWR.jpg,,,,,,,[],,,,
1542764859615776768,1542764859615776768,2022-07-01 14:59:40 WITA,2022-07-01,14:59:40,+0800,80323736,ridwankamil,Ridwan Kamil,,"Paginya saya melepas terlebih dahulu kontingen Jabar untuk mengikuti Festival Olahraga Rekreasi Masyarakat di Palembang, dengan pesan agar tim Jabar harus Juara secara sportif dan profesional.  Mari semangat membangun masa depan yg lebih maju.  #JabarJuara #IndonesiaJuara  https://t.co/mhiPQSCiR3",in,[],[],[],12,16,282,"['jabarjuara', 'indonesiajuara']",[],https://twitter.com/ridwankamil/status/1542764859615776768,False,,1,https://pbs.twimg.com/ext_tw_video_thumb/1542764742800187392/pu/img/js_1XYLQKp8yrfo2.jpg,,,,,,,[],,,,
1542764434703417344,1542764434703417344,2022-07-01 14:57:59 WITA,2022-07-01,14:57:59,+0800,80323736,ridwankamil,Ridwan Kamil,,"Jutaan bakau atau mangrove akan ditanam di sepanjang pantai utara Jabar. Upaya dimulai di Kab. Subang, sbg upaya alami mempertahankan daratan yang hilang oleh abrasi air laut akibat disrupsi pemanasan global.  #JabarJuara #IndonesiaJuara  https://t.co/sqtj4jey1B",in,[],[],[],17,27,426,"['jabarjuara', 'indonesiajuara']",[],https://twitter.com/ridwankamil/status/1542764434703417344,False,,1,https://pbs.twimg.com/ext_tw_video_thumb/1542764274770399232/pu/img/bcrcskhJ56Dolz3t.jpg,,,,,,,[],,,,
